Q^2 (GeV^2),nu (GeV),W^2 (GeV^2),Ex (GeV),RL (GeV^-1),RL error (GeV^-1),RT (GeV^-1),RT error (GeV^-1)
0.026,0.062052,0.9708,0.060889,19.056,1.858,5.2679,1.8802
0.026,0.084946,1.0138,0.083783,9.8683,0.88315,3.1392,0.48302
0.026,0.2465,1.3169,0.24534,3.9185,1.8851,15.356,0.91276
