Q^2 (GeV^2),nu (GeV),W^2 (GeV^2),Ex (GeV),RL (GeV^-1),RL error (GeV^-1),RT (GeV^-1),RT error (GeV^-1)
0.026,0.030439,0.91148,0.029276,0.039922,0.00073867,0.012479,0.00072539
0.026,0.035632,0.92122,0.034469,0.034893,0.00070734,0.012428,0.00044314
0.026,0.036809,0.92343,0.035646,0.032512,0.00063392,0.012956,0.00044446
0.026,0.038156,0.92596,0.036993,0.031647,0.00069073,0.013388,0.0007054
0.026,0.062995,0.97257,0.061832,0.018441,0.0017514,0.0051917,0.0017989
0.026,0.085108,1.0141,0.083945,0.0090138,0.00097522,0.0037839,0.00035816
0.026,0.12184,1.083,0.12067,0.0045872,0.0007582,0.0018308,0.00019212
