Q^2 (GeV^2),nu (GeV),W^2 (GeV^2),Ex (GeV),RL (GeV^-1),RL error (GeV^-1),RT (GeV^-1),RT error (GeV^-1)
0.02,0.040479,0.93632,0.039585,24.574,0.77655,11.487,0.34978
0.02,0.050043,0.95426,0.049148,19.423,0.21211,9.2388,0.21809
0.02,0.10469,1.0568,0.1038,8.2159,1.013,2.3636,0.93015
