q (GeV),nu (GeV),W^2 (GeV^2),Ex (GeV),RL (GeV^-1),RL error (GeV^-1),RT (GeV^-1),RT error (GeV^-1)
0.205,0.049531,0.93373,0.047761,29.601,0.91605,16.052,0.40176
0.205,0.065757,0.96605,0.06407,22.804,1.185,8.8586,1.0508
0.205,0.083308,1.0016,0.081738,11.52,0.67161,7.366,0.26509
0.205,0.099391,1.0347,0.097953,7.901,0.73498,4.5323,0.2317
