q (GeV),nu (GeV),W^2 (GeV^2),Ex (GeV),RL (GeV^-1),RL error (GeV^-1),RT (GeV^-1),RT error (GeV^-1)
0.205,0.048782,0.93225,0.047009,29.749,1.0957,16.205,0.39688
0.205,0.064495,0.96352,0.062801,23.86,1.1975,9.0187,1.131
0.205,0.081922,0.99877,0.080343,12.905,0.69075,6.9355,0.30864
0.205,0.098577,1.033,0.097132,9.1319,0.68378,3.8322,0.2238
