Q^2 (GeV^2),nu (GeV),W^2 (GeV^2),Ex (GeV),RL (GeV^-1),RL error (GeV^-1),RT (GeV^-1),RT error (GeV^-1)
0.026,0.062995,0.97257,0.061832,18.441,1.7514,5.1917,1.7989
0.026,0.085108,1.0141,0.083945,9.0138,0.97522,3.7839,0.35816
0.026,0.12184,1.083,0.12067,4.5872,0.7582,1.8308,0.19212
