Q^2 (GeV^2),nu (GeV),W^2 (GeV^2),Ex (GeV),RL (GeV^-1),RL error (GeV^-1),RT (GeV^-1),RT error (GeV^-1)
0.04,0.042066,0.9193,0.040277,35.555,1.2575,15.528,0.60888
0.04,0.057056,0.94742,0.055267,29.187,1.8589,10.818,1.7877
0.04,0.078107,0.98693,0.076318,15.844,0.88096,8.6402,0.33958
0.04,0.091891,1.0128,0.090102,11.703,1.0766,6.5976,0.30126
0.04,0.12235,1.07,0.12056,4.9583,0.97617,5.8393,0.90288
0.04,0.23777,1.2865,0.23598,-2.1062,2.7874,18.079,1.9277
0.04,0.47761,1.7366,0.47582,1.3136,3.6417,27.379,0.90012
