Q^2 (GeV^2),nu (GeV),W^2 (GeV^2),Ex (GeV),RL (GeV^-1),RL error (GeV^-1),RT (GeV^-1),RT error (GeV^-1)
0.04,0.042173,0.9195,0.040384,35.667,1.26,15.51,0.609
0.04,0.057421,0.94811,0.055632,28.593,1.8027,11.001,1.6316
0.04,0.078568,0.98779,0.076778,15.25,0.90436,8.9734,0.40356
0.04,0.093299,1.0154,0.09151,10.354,0.93414,7.4194,0.24435
0.04,0.11922,1.0641,0.11743,4.615,1.3274,6.7949,1.3196
0.04,0.1418,1.1064,0.14001,4.3744,1.525,4.57,1.1549
0.04,0.20069,1.217,0.1989,6.8189,4.728,6.4493,3.2024
0.04,0.43617,1.6588,0.43438,6.0306,8.3792,28.903,1.7212
