Q^2 (GeV^2),nu (GeV),W^2 (GeV^2),Ex (GeV),RL (GeV^-1),RL error (GeV^-1),RT (GeV^-1),RT error (GeV^-1)
0.02,0.040621,0.93658,0.039726,25.311,0.40887,11.583,0.21438
0.02,0.050396,0.95493,0.049501,19.805,0.24677,8.4349,0.27358
0.02,0.10334,1.0543,0.10245,8.2378,1.0998,2.6084,1.0199
