Q^2 (GeV^2),nu (GeV),W^2 (GeV^2),Ex (GeV),RL (GeV^-1),RL error (GeV^-1),RT (GeV^-1),RT error (GeV^-1)
0.026,0.030439,0.91148,0.029276,0.039813,0.00073655,0.01244,0.00072321
0.026,0.035632,0.92122,0.034469,0.03489,0.00070744,0.012436,0.00044334
0.026,0.036809,0.92343,0.035646,0.032505,0.00063401,0.012969,0.00044472
0.026,0.038156,0.92596,0.036993,0.031636,0.00069101,0.013405,0.00070599
0.026,0.062995,0.97257,0.061832,0.018349,0.0017593,0.0053607,0.0018101
0.026,0.085108,1.0141,0.083945,0.0089772,0.00097994,0.0038858,0.00036591
0.026,0.12184,1.083,0.12067,0.0045678,0.00076311,0.0018597,0.00019487
